"Time","Requests","Requests/Sec","nUsers","nPages","nPagePosts","nUserPosts","nAlbums","nImageUploads"
"9","4128","458.6666666666667","4013","0","0","0","0","0"
"13","9943","764.8461538461538","4997","0","0","0","0","0"
"18","21399","1188.8333333333333","4997","0","0","0","0","0"
"23","39139","1701.695652173913","4997","0","0","0","0","0"
"28","67544","2412.285714285714","4997","0","0","0","0","0"
"33","105953","3210.6969696969695","4997","7","7","204","34","85"
"38","114762","3020.0526315789475","4997","21","18","572","83","200"
"43","114869","2671.3720930232557","4997","21","18","572","83","200"
"48","114869","2393.1041666666665","4997","21","18","572","83","200"
"53","115322","2175.8867924528304","4997","25","21","658","91","249"
"58","117366","2023.551724137931","4997","43","35","1147","134","400"
"63","117366","1862.952380952381","4997","43","35","1147","134","400"
"63","117366","1862.952380952381","4997","43","35","1147","134","400"
"73","117392","1608.109589041096","4997","43","35","1158","134","405"
"73","117392","1608.109589041096","4997","49","40","1317","148","531"
"83","118155","1423.55421686747","4997","50","42","1393","152","554"
"88","118580","1347.5","4997","58","48","1515","159","580"
"88","118894","1351.0681818181818","4997","61","52","1587","165","601"
"98","119239","1216.7244897959183","4997","61","52","1607","168","639"
"98","119306","1217.408163265306","4997","63","53","1635","172","652"
"108","119531","1106.7685185185185","4997","63","54","1659","172","663"
"113","119825","1060.3982300884957","4997","64","54","1747","178","716"
"118","120023","1017.1440677966102","4997","67","57","1832","185","757"
"123","120506","979.7235772357724","4997","70","59","1869","188","782"
"128","120960","945.0","4997","73","62","1975","191","817"
"133","121138","910.812030075188","4997","75","63","2018","191","834"
"138","121445","880.036231884058","4997","77","66","2090","197","860"
