Time,Requests,Requests/Sec,nUsers,nPages,nPagePosts,nUserPosts,nAlbums,nImageUploads
8,0,0,0,0,0,0,0,0
13,0,0,0,0,0,0,0,0
18,0,0,0,0,0,0,0,0
24,820,34.1666666667,852,0,0,0,0,0
29,5709,196.8620689655,5515,0,0,0,0,0
33,12663,383.7272727273,8000,0,0,0,0,0
38,22493,591.9210526316,8000,0,0,0,0,0
43,26659,619.976744186,8000,1,1,18,3,3
43,26659,619.976744186,8000,11,10,213,11,99
53,35323,666.4716981132,8000,15,15,431,33,196
58,36734,633.3448275862,8000,18,18,464,35,200
63,36734,583.0793650794,8000,18,18,464,35,201
68,38714,569.3235294118,8000,26,25,652,50,299
73,39410,539.8630136986,8000,34,33,816,64,359
78,40088,513.9487179487,8000,40,40,968,75,400
83,40101,483.1445783133,8000,41,41,969,75,401
88,40592,461.2727272727,8000,49,49,1209,88,499
93,41467,445.8817204301,8000,49,50,1289,94,537
98,41701,425.5204081633,8000,55,56,1437,101,600
103,42092,408.6601941748,8000,55,56,1437,101,601
108,42560,394.0740740741,8000,61,62,1628,119,699
113,42822,378.9557522124,8000,61,62,1681,123,716
113,42822,378.9557522124,8000,71,69,1969,128,800
123,43649,354.8699186992,8000,71,69,1969,128,800
