"Time","Requests","Requests/Sec","nUsers","nPages","nPagePosts","nUserPosts","nAlbums","nImageUploads"
"9","0","0.0","0","0","0","0","0","0"
"Time","Requests","Requests/Sec","nUsers","nPages","nPagePosts","nUserPosts","nAlbums","nImageUploads"
"9","220079","24453.222222222223","0","0","0","0","0","0"
"14","542254","38732.42857142857","0","0","0","0","0","0"
"19","869383","45757.0","0","0","0","0","0","0"
"24","1198669","49944.541666666664","0","0","0","0","0","0"
"29","1533595","52882.58620689655","0","0","0","0","0","0"
"34","1858446","54660.17647058824","0","0","0","0","0","0"
"39","2193338","56239.4358974359","0","0","0","0","0","0"
"44","2521201","57300.02272727273","0","0","0","0","0","0"
"49","2844652","58054.12244897959","0","0","0","0","0","0"
"54","3170680","58716.2962962963","0","0","0","0","0","0"
"59","3502860","59370.50847457627","0","0","0","0","0","0"
"64","3830310","59848.59375","0","0","0","0","0","0"
"69","4160395","60295.57971014493","0","0","0","0","0","0"
"74","4488187","60651.17567567567","0","0","0","0","0","0"
"79","4815330","60953.54430379747","0","0","0","0","0","0"
"84","5000000","59523.80952380953","0","0","0","0","0","0"
"89","5000000","56179.77528089887","0","0","0","0","0","0"
"94","5000000","53191.48936170213","0","0","0","0","0","0"
"99","5000000","50505.0505050505","0","0","0","0","0","0"
